,Chr,Gene_length,Adipose - Subcutaneous_GTExTPM,Adipose - Visceral (Omentum)_GTExTPM,Adrenal Gland_GTExTPM,Artery - Aorta_GTExTPM,Artery - Coronary_GTExTPM,Artery - Tibial_GTExTPM,Bladder_GTExTPM,Brain - Amygdala_GTExTPM,Brain - Anterior cingulate cortex (BA24)_GTExTPM,Brain - Caudate (basal ganglia)_GTExTPM,Brain - Cerebellar Hemisphere_GTExTPM,Brain - Cerebellum_GTExTPM,Brain - Cortex_GTExTPM,Brain - Frontal Cortex (BA9)_GTExTPM,Brain - Hippocampus_GTExTPM,Brain - Hypothalamus_GTExTPM,Brain - Nucleus accumbens (basal ganglia)_GTExTPM,Brain - Putamen (basal ganglia)_GTExTPM,Brain - Spinal cord (cervical c-1)_GTExTPM,Brain - Substantia nigra_GTExTPM,Breast - Mammary Tissue_GTExTPM,Cells - Cultured fibroblasts_GTExTPM,Cells - EBV-transformed lymphocytes_GTExTPM,Cervix - Ectocervix_GTExTPM,Cervix - Endocervix_GTExTPM,Colon - Sigmoid_GTExTPM,Colon - Transverse_GTExTPM,Esophagus - Gastroesophageal Junction_GTExTPM,Esophagus - Mucosa_GTExTPM,Esophagus - Muscularis_GTExTPM,Fallopian Tube_GTExTPM,Heart - Atrial Appendage_GTExTPM,Heart - Left Ventricle_GTExTPM,Kidney - Cortex_GTExTPM,Kidney - Medulla_GTExTPM,Liver_GTExTPM,Lung_GTExTPM,Minor Salivary Gland_GTExTPM,Muscle - Skeletal_GTExTPM,Nerve - Tibial_GTExTPM,Ovary_GTExTPM,Pancreas_GTExTPM,Pituitary_GTExTPM,Prostate_GTExTPM,Skin - Not Sun Exposed (Suprapubic)_GTExTPM,Skin - Sun Exposed (Lower leg)_GTExTPM,Small Intestine - Terminal Ileum_GTExTPM,Spleen_GTExTPM,Stomach_GTExTPM,Testis_GTExTPM,Thyroid_GTExTPM,Uterus_GTExTPM,Vagina_GTExTPM,Whole Blood_GTExTPM,opentargets_association_score,pharmgkb_drugged_gene,DGIdb_interaction_group_score,HIPred,SDI,pLI,O_GlcNAc_Score,IPA_BP
Chr,1.0,-0.0840945171039649,-0.002809663510197086,-1.1486917507178675e-05,0.018490061256800912,-0.013233619122017976,-0.010860333616915841,-0.013776371517893685,0.002136634051847067,0.02480149939300447,0.02475207869187208,0.02403467138244956,0.023112232608177286,0.02773653396216485,0.028905440117258617,0.020134807581585475,0.026194826433231594,0.02183361473114039,0.022499858989699806,0.027542189371737604,0.012178627429316457,0.016970812947756528,-0.00026718433614911105,0.0007907073912928095,0.01413928407231595,0.009811310311300264,0.014254915716068288,0.0005976282929027708,0.006229629235975526,-0.0028600583296397716,0.012645203968586576,-0.0039035877161304492,0.012888524208955933,-0.006023564702007996,-0.006417983585660081,0.002352177179871869,0.009948728873306582,0.0043061692436784085,-0.005956147648805554,0.005819272173956175,0.0033330117312300135,0.0012497704739109195,0.017957639452385373,0.0013464545144566019,0.021212299612879813,0.015588259927192939,0.009062163713504994,0.009203406511722427,0.010296355182215715,0.02492856373272668,0.00623825335797613,0.03937205011427498,0.011623390337353474,0.01407098886429805,0.008406244394102131,0.014323017598194411,-0.031130921323665864,,0.08012248245623835,0.017755686710446725,-2.4067294988357463e-05,0.055383111419507906,-0.0679463020046524,-0.008139158566096368
Gene_length,-0.0840945171039649,1.0,0.30447975677114814,0.29233538506375867,0.27263432972564905,0.3305350056524088,0.32157524395299136,0.34178806935077166,0.3033415697785415,0.3197579512847648,0.32549855927773913,0.32550121844680896,0.33005172722694676,0.3232507603544972,0.32266343460547237,0.3377246490251777,0.3214537224004035,0.3230251164967223,0.32171514869344053,0.31664527016939653,0.32062667943100415,0.31930328590498147,0.2956029095992124,0.2830709335990491,0.24068018702970395,0.30156134677804725,0.3010668966626334,0.31829143857902514,0.2911871347827956,0.31656130163012863,0.261335193316527,0.3157136457988105,0.29202716078841773,0.3051364660168104,0.30382648788899513,0.27599541056518706,0.26872989757771,0.2640525676830488,0.29831233112964495,0.28962297005642407,0.3025133453196708,0.3150226534187262,0.29637631113481905,0.27756641104325536,0.27200525408337667,0.27449589887162695,0.27588357804557845,0.2799373378066298,0.2806125078562092,0.2524507446177167,0.28322700142847484,0.2505138821518214,0.29275605446108915,0.30314270192896,0.28566911177208126,0.2340048232666548,-0.024262453152568024,,-0.15550799695575115,0.3172200231363497,0.15807017162778986,0.21245773929284242,-0.016073646204353587,0.12765232024402146
Adipose - Subcutaneous_GTExTPM,-0.002809663510197086,0.30447975677114814,1.0,0.987632440000786,0.9032258687412021,0.9460058993618533,0.9648082495357242,0.9527058521340344,0.9593287663160189,0.8381829071436299,0.8152351974760912,0.833600085273334,0.7663071259491889,0.7770433700423097,0.812157596492642,0.7972874523431269,0.8416868839362291,0.8440450033143582,0.817580837263409,0.8390231927756121,0.8692889980427215,0.8671538356767989,0.9888517126621059,0.8994186717270832,0.7811763085528272,0.9532018080151494,0.9540029060244161,0.9452758939994623,0.9397782245516187,0.9576503296414809,0.901941147241236,0.9539558080404921,0.9554200606731381,0.9111059504476975,0.9010329399088222,0.9008701049341451,0.9084139053679188,0.8563874490661245,0.954891352132224,0.9244561156891193,0.8824928278784643,0.9625142102074234,0.9327424332533893,0.8851438900386304,0.8689097394781595,0.9311051924028828,0.9237854473905577,0.9325036758649833,0.9313171653751293,0.9036904635682548,0.9296754644993516,0.7808396451258173,0.9362363156739673,0.9573380039267672,0.9434927723462287,0.8215219479925839,-0.09460905328095072,,0.010035639718571123,0.3791336192210827,0.28533083515925234,0.27380946976258874,0.09124312801599847,0.08937769718167075
Adipose - Visceral (Omentum)_GTExTPM,-1.1486917507178675e-05,0.29233538506375867,0.987632440000786,1.0,0.9078189720297092,0.9429662617048691,0.9623543669244211,0.9429880604558696,0.9577066343495998,0.8403075834770227,0.8170557361936658,0.8358258384880131,0.7655552040248323,0.7760765743474729,0.8137008687942098,0.7990289107815756,0.8440998698324728,0.846901822103317,0.8200899176423901,0.8414486991233519,0.8717302806362658,0.8685915767210657,0.9863972615570991,0.8977621840466453,0.7808715763715142,0.9498470218868583,0.9534922511553015,0.9432859963885574,0.9410598758304404,0.9554637740247514,0.9034166246497483,0.9515371500681562,0.9589691772213115,0.9175017219906207,0.9021065444059166,0.9060990929855822,0.9141342139341173,0.8608705556653662,0.9604474123336924,0.9249691346500121,0.8747469974831996,0.9563277904751224,0.9340273859448694,0.8898943679318833,0.8756206526992805,0.9340052897962395,0.9180839140203191,0.9242008318207084,0.9346925508914136,0.9062096408771119,0.9318683439376069,0.7779558841756911,0.9368862263707123,0.9548370992527135,0.9424047303512756,0.8196833244501639,-0.10853979023744374,,0.01558818926972001,0.3704482959159508,0.28058273886239227,0.2658274989122722,0.0676063918006085,0.0893989060937024
Adrenal Gland_GTExTPM,0.018490061256800912,0.27263432972564905,0.9032258687412021,0.9078189720297092,1.0,0.891977808532187,0.9027378609501979,0.8883107576017738,0.9208773304160204,0.853232085029588,0.8351946143292294,0.8478225764582343,0.8081394388064114,0.816007411436998,0.8329679199743474,0.8203925268520719,0.8543716692900645,0.864992238347437,0.8392089059302941,0.8494631544492326,0.8771282053300056,0.8751151661967113,0.9149332755738845,0.8831035254218732,0.8113346005615926,0.9059968596742598,0.9100318211035358,0.908714097162958,0.9203686681871683,0.9098871007538515,0.896364406210761,0.910729167730432,0.912341312058012,0.8818361690649311,0.8753448499009269,0.9046624239772861,0.9036008438473253,0.8712419016230273,0.9054734043815236,0.9088826279423634,0.8629263517437096,0.9037414001131224,0.9173179769665828,0.906890138378831,0.8991234468926991,0.9163639757505627,0.8981177452291229,0.897668771483011,0.9126628108065654,0.9002646197200505,0.9251062835153261,0.8148782307203629,0.9114510963422351,0.9090973362803533,0.9081649490191742,0.8327729602745302,-0.06998711700039455,,0.054605387768203444,0.3273958231084239,0.24626020230853893,0.24517591523059992,-0.017015805957879014,0.04421229428592235
Artery - Aorta_GTExTPM,-0.013233619122017976,0.3305350056524088,0.9460058993618533,0.9429662617048691,0.891977808532187,1.0,0.9885331609714403,0.9847217276235052,0.9521868630541667,0.8355819367142105,0.8158214288228547,0.8282748707962014,0.7638462017182445,0.7746664226331764,0.8103589569139118,0.7967298721819177,0.8371052024780681,0.8417681101791362,0.8160022238954049,0.8315746640027836,0.8554820732695388,0.8591339358355133,0.9453838523453093,0.8873519163148276,0.7473659061496505,0.9481525747800967,0.9489176564405319,0.9528240689884495,0.9314662573502961,0.9648646657520574,0.8854161431282939,0.9613659810846545,0.95095583612788,0.9157516688006339,0.897749318996714,0.8781735083760555,0.8864578030652049,0.8281137375405311,0.9315317737043701,0.9061679497321313,0.8672016702995132,0.9438317744352277,0.9290647590501998,0.8678518588428208,0.8670508282411333,0.9287222328248461,0.8949125782816328,0.9014586682547425,0.9025997747728131,0.8648995181448409,0.9145406754745231,0.7666081671345153,0.9217776089655628,0.951714043491037,0.9268042994186242,0.7839543318249431,-0.10079931035467102,,0.020440835784746345,0.37374351277838536,0.2897318825738814,0.2788971454614793,0.10776012278337302,0.09502118397810547
Artery - Coronary_GTExTPM,-0.010860333616915841,0.32157524395299136,0.9648082495357242,0.9623543669244211,0.9027378609501979,0.9885331609714403,1.0,0.9862686452726551,0.9603080011886151,0.8455485147334327,0.8237599921896498,0.8387404232258968,0.7691689345019613,0.7801360940648825,0.8179961322154179,0.8043675461511235,0.8472858311383048,0.8514081032824972,0.8252716867338571,0.8430823442887536,0.8653577869621483,0.8718933075585013,0.9621119205229137,0.8899600759487174,0.758978442089515,0.9545332151272246,0.9562355561726182,0.9560243745849656,0.9389110622867372,0.9696734115548128,0.8924356103245565,0.9661751064312057,0.957933386103098,0.9315484670008891,0.91416758713778,0.8902420341550895,0.8971242238942267,0.8434665179618938,0.9461995343257882,0.9171927021890361,0.8770465922015548,0.9566317568627053,0.9360303267578647,0.8793129304435291,0.8762672214151396,0.9351438562340867,0.9030044629984825,0.9103948252547704,0.9180285391770631,0.8817636175410792,0.9244212737895169,0.773469615945196,0.9340615256559095,0.9587141076996559,0.9353213935933962,0.796019786544609,-0.10697530563199054,,0.024696380710692918,0.3678716414811193,0.2945972807851113,0.2677464235426533,0.09521483046005354,0.09366822409994241
Artery - Tibial_GTExTPM,-0.013776371517893685,0.34178806935077166,0.9527058521340344,0.9429880604558696,0.8883107576017738,0.9847217276235052,0.9862686452726551,1.0,0.9537467453930952,0.8360255461276971,0.8160523828574853,0.8296276526101757,0.7652493489476533,0.7748471527240726,0.8100476881352321,0.7977529400075022,0.8368920961103896,0.840239489639357,0.8164918934646486,0.8326523251866977,0.8534785364366793,0.8589923487002467,0.9476043098005649,0.8844467943458562,0.7451749683825475,0.9485182907957032,0.9476711027125742,0.955650076964214,0.9297305814725491,0.966680147972594,0.8833721078880381,0.9637804388673049,0.9499165503259988,0.9161192414628949,0.9026358827892047,0.8697387674614201,0.8794650158983677,0.8265378552013057,0.9251788939011422,0.9037294059415062,0.878709202171117,0.9461752829551691,0.9281680252356901,0.8657736171304793,0.8609298876950423,0.9251913983098482,0.8969414437317726,0.9052457661405136,0.8987169830946895,0.8582730678356528,0.9129923147202462,0.7675175411720587,0.9199921321738057,0.9536489505362036,0.9271212230219141,0.7779001587565093,-0.0899785476854668,,0.030564722354447123,0.38886953044660477,0.28900902122767586,0.2953589558666851,0.12261504675222734,0.09301356904741426
Bladder_GTExTPM,0.002136634051847067,0.3033415697785415,0.9593287663160189,0.9577066343495998,0.9208773304160204,0.9521868630541667,0.9603080011886151,0.9537467453930952,1.0,0.8572559523770713,0.8369951599870056,0.8533774705240004,0.7957101065488651,0.8069943202637111,0.8358571164465383,0.8200692411539805,0.8591846500236486,0.8645694423168876,0.8421164644407324,0.855835298183364,0.8776282428201285,0.8793514533496718,0.9657442205047297,0.9077210780593304,0.7930636641411299,0.9716829039070286,0.9723844233386132,0.9752891543606428,0.9679966275203702,0.9748922692096156,0.925376604858646,0.9721713966002633,0.9707387324644204,0.9165217490106161,0.9041178722614848,0.9021333572667022,0.9121568655317611,0.8592710315407986,0.9483224831805729,0.9368520504210402,0.8836915810391643,0.9532657202992395,0.9523241967817606,0.8998532965406866,0.8980549425022918,0.9644678984274968,0.9294176979388291,0.933943721746859,0.9428438818831087,0.9047408265178982,0.9498383690977226,0.8043075908208687,0.9367851020311195,0.9724296889749102,0.9646592643257088,0.82294717823447,-0.08160348743901157,,0.041207800358803316,0.3810006269862044,0.28452098594155284,0.2868011988349195,0.07919928813254995,0.061471841680069264
Brain - Amygdala_GTExTPM,0.02480149939300447,0.3197579512847648,0.8381829071436299,0.8403075834770227,0.853232085029588,0.8355819367142105,0.8455485147334327,0.8360255461276971,0.8572559523770713,1.0,0.9898789772841594,0.982272717747103,0.9093362050770674,0.9148990059495584,0.9811549387060832,0.9779785209822669,0.9941817785817025,0.9859589494175393,0.9790086053922281,0.9827381788025972,0.9508433383965584,0.9804487715945768,0.8478447036099445,0.8099395789046182,0.7646281926702695,0.8444070800572138,0.8473218620582443,0.8644643527515227,0.8537127137038846,0.8593148677459987,0.830154788482151,0.8619079271399418,0.843396285015998,0.8499551577571228,0.8506425687041703,0.8311101205917368,0.8372889181667182,0.7985081228436565,0.8406204048591374,0.8533200269587398,0.8327013951842465,0.8629090553972802,0.8509416908393932,0.8413723309044988,0.9045866398530104,0.8632804336720743,0.8414398468860033,0.8422834921687619,0.8378411108977597,0.8336491582574896,0.8620707184511012,0.7838167925509605,0.8592324385509451,0.8481274471279266,0.8405941367358939,0.7781774319319273,-0.10547558765625216,,-0.012933019300567176,0.413523595310491,0.2949617613762084,0.33113171811498726,0.05906105727992498,0.054661297153181077
Brain - Anterior cingulate cortex (BA24)_GTExTPM,0.02475207869187208,0.32549855927773913,0.8152351974760912,0.8170557361936658,0.8351946143292294,0.8158214288228547,0.8237599921896498,0.8160523828574853,0.8369951599870056,0.9898789772841594,1.0,0.9764923607923058,0.9183893514553872,0.9226515022971238,0.9937553558319909,0.9944290160039292,0.9848838268268192,0.9789046089894984,0.9790127341039888,0.9730807681261213,0.9234928037138397,0.9593891397281025,0.8252484152831695,0.7939565410261955,0.7501285742003386,0.8233084473412947,0.8267512984678927,0.8460374710181343,0.8339338679414973,0.8398909253866608,0.8093629678559888,0.8425614961142951,0.8224962720237936,0.8335842304620534,0.8348727083880424,0.813189228640825,0.8180280317874873,0.7813965744351349,0.8188736539785805,0.8314731213929674,0.8203415897660872,0.8386101256671311,0.8318030376832034,0.8265742344403187,0.8983655094712321,0.8432281491237872,0.8207539730746853,0.8213002697017179,0.8167231213378492,0.8115316109673117,0.8447758147970547,0.7718975667882957,0.8398409440448283,0.8284205048996117,0.8187595558385548,0.7605962723477145,-0.10483465757948879,,-0.02497826809336004,0.41623461527048367,0.2886056700079514,0.3353157513485932,0.06937653152683618,0.05346410051521408
Brain - Caudate (basal ganglia)_GTExTPM,0.02403467138244956,0.32550121844680896,0.833600085273334,0.8358258384880131,0.8478225764582343,0.8282748707962014,0.8387404232258968,0.8296276526101757,0.8533774705240004,0.982272717747103,0.9764923607923058,1.0,0.9037507370700953,0.9106937957723563,0.971655269814801,0.9674911297856797,0.9796947917343355,0.9762030671226014,0.9934021166650655,0.9973529181049803,0.934775815595274,0.9678926959324137,0.8432635590269488,0.8017340830777013,0.7560088056074187,0.8380525698566642,0.8419068395746374,0.8611767703627008,0.8501672056125805,0.8556487778122471,0.8228506385832947,0.8577275088135479,0.8406062919296766,0.8456223538704184,0.8445855149181308,0.827184913834832,0.830164948314611,0.7932351519335155,0.836867216186672,0.843849676199214,0.8295643976296216,0.855508923854184,0.8478023963605921,0.8350309668826448,0.9000590425210726,0.8586859551644617,0.8337800845575175,0.8342436077278219,0.8331786220873711,0.8267075953937131,0.8554952007919264,0.7819706848204855,0.852067783668277,0.8450241385590564,0.8349366217828237,0.7718874775727705,-0.11104146061543975,,-0.01744425123010762,0.41284096296629735,0.2901104038876821,0.33275110524090984,0.06492674145376613,0.067769572701606
Brain - Cerebellar Hemisphere_GTExTPM,0.023112232608177286,0.33005172722694676,0.7663071259491889,0.7655552040248323,0.8081394388064114,0.7638462017182445,0.7691689345019613,0.7652493489476533,0.7957101065488651,0.9093362050770674,0.9183893514553872,0.9037507370700953,1.0,0.9964224707015824,0.9243089924395061,0.9234954826438594,0.9128411056465825,0.9193771793589104,0.9095158074068436,0.9001774601589726,0.8797876472474523,0.8945156807010683,0.7803452264095391,0.7690635179888363,0.7584249141010032,0.7905476631164265,0.7909593359987732,0.805641285993618,0.795188689922921,0.798101821486651,0.7812922641630918,0.8005389976786459,0.7883006266288078,0.7847503298130245,0.7853788807333797,0.7692814129133212,0.7758433670709233,0.7593016016136408,0.7708269748924822,0.8022541454263297,0.796649895234285,0.7907220048931882,0.811839188213287,0.8108953690460144,0.8754151416364214,0.8061041560680702,0.7936112578065836,0.7907196168721409,0.7867930978015135,0.7876375524895588,0.8114637459542164,0.762845625400087,0.7997315385347589,0.7948699538268591,0.7835141999176987,0.758896810342956,-0.09947781388627851,,-0.038368072059757403,0.40911476518003237,0.2455619493851132,0.3422969157947009,0.11284907723258861,0.03483684962489117
Brain - Cerebellum_GTExTPM,0.02773653396216485,0.3232507603544972,0.7770433700423097,0.7760765743474729,0.816007411436998,0.7746664226331764,0.7801360940648825,0.7748471527240726,0.8069943202637111,0.9148990059495584,0.9226515022971238,0.9106937957723563,0.9964224707015824,1.0,0.9315867808405347,0.9252806159703741,0.9178560769992276,0.923843114165569,0.9152059308260894,0.9077457269361885,0.8833683689238059,0.9008104499249261,0.7918093266857928,0.7737256702849928,0.7559621086150072,0.8026634472963547,0.8039889895342601,0.8158988564286875,0.8063345630120574,0.808842295262405,0.7912361044647926,0.8108371725889391,0.8012328451444009,0.79552300187927,0.7938285398201774,0.7795366624967842,0.7857041095782091,0.7666925342974079,0.7834281598191554,0.8122920753451883,0.8018287435744307,0.8036059364091187,0.8233690524639095,0.818936969540534,0.8840845703893145,0.8193315682317345,0.8040307868401966,0.8019783738752708,0.7974998165183953,0.7966507045036528,0.8223316357270004,0.7694693039053727,0.8117103012940388,0.8075431206375401,0.796204715968347,0.7614340877977352,-0.1008731212333765,,-0.038661691940199555,0.4086718938023394,0.24943374594267945,0.339906391021604,0.11927891561615478,0.04164885797795425
Brain - Cortex_GTExTPM,0.028905440117258617,0.32266343460547237,0.812157596492642,0.8137008687942098,0.8329679199743474,0.8103589569139118,0.8179961322154179,0.8100476881352321,0.8358571164465383,0.9811549387060832,0.9937553558319909,0.971655269814801,0.9243089924395061,0.9315867808405347,1.0,0.9947858160343982,0.9792026264809169,0.9725423763840767,0.974150310228721,0.9687356941549208,0.9166069741057851,0.9512076538903655,0.8233162339394922,0.7894062134690263,0.7514448979999883,0.821397504287397,0.8254791753288319,0.8437950134591233,0.8343164090386682,0.838523347952748,0.8102711471874582,0.8411083871350832,0.822526958150667,0.8314711979104368,0.8329868399565845,0.813921900544042,0.8185629691545493,0.7831282764118803,0.8192425132728042,0.83050383866852,0.8209718055574131,0.836756479459699,0.8317254249773625,0.8286273121725422,0.9014505020658029,0.8432012925676009,0.8222695036527182,0.8227582490206765,0.8182414620035708,0.813806668878051,0.8464710352879606,0.7746532063749245,0.8404173703849381,0.8270226819135424,0.8175915279143761,0.7645065342064821,-0.10548169178713533,,-0.031617775935634466,0.4195876320504586,0.2905371363865995,0.33303946384824146,0.09339240527900863,0.05546408891698298
Brain - Frontal Cortex (BA9)_GTExTPM,0.020134807581585475,0.3377246490251777,0.7972874523431269,0.7990289107815756,0.8203925268520719,0.7967298721819177,0.8043675461511235,0.7977529400075022,0.8200692411539805,0.9779785209822669,0.9944290160039292,0.9674911297856797,0.9234954826438594,0.9252806159703741,0.9947858160343982,1.0,0.9760750887928881,0.9701223280069372,0.9715399473735579,0.9631071219241462,0.9106398429315694,0.9452218977421004,0.8071720473295011,0.781951593874603,0.7470903909666853,0.804365781635858,0.8074922292975326,0.82973094554326,0.818767847665203,0.8233185718373806,0.7949812664889341,0.8265506318893018,0.8036665427607672,0.8183968116781973,0.8210054984138356,0.7982490883207931,0.8024702803678994,0.7699460379674784,0.8021669593204805,0.8160803316092716,0.8116340761461456,0.8192415002418384,0.8147374535377199,0.8156098902104529,0.8871871848819827,0.8247105219818539,0.8062283268302067,0.8062548484807078,0.8018926174285668,0.7967085733025316,0.8307590940074502,0.7609655962740873,0.8232124639710974,0.8096632345672026,0.8006993075688121,0.7533937747878919,-0.10765624397193636,,-0.03973572763937167,0.423797782268722,0.2855075738175281,0.34233925009849503,0.08141486054890086,0.05215691024674532
Brain - Hippocampus_GTExTPM,0.026194826433231594,0.3214537224004035,0.8416868839362291,0.8440998698324728,0.8543716692900645,0.8371052024780681,0.8472858311383048,0.8368920961103896,0.8591846500236486,0.9941817785817025,0.9848838268268192,0.9796947917343355,0.9128411056465825,0.9178560769992276,0.9792026264809169,0.9760750887928881,1.0,0.9867670908610496,0.9746012837631329,0.9817561888555211,0.9585283845452254,0.9822895731378019,0.8513444868672874,0.81137029158353,0.7686023221054599,0.8458550633078318,0.8490199761733431,0.8656069563794299,0.8569172266296594,0.8603147936775438,0.8326502076417344,0.8631052804874605,0.8459676283767135,0.8497315668221701,0.8505357566007976,0.8335646811576273,0.8397585902689138,0.8000759782679746,0.8430229519683109,0.8557892004212653,0.835195221500719,0.865248937344342,0.8523022479958842,0.8439380443026925,0.9085097496657419,0.8632735123045027,0.8441208887677132,0.8449578776926375,0.8419502202449852,0.8358990487998433,0.8635657367890117,0.7866409287443369,0.8612097042661884,0.8501386906178385,0.842439891171836,0.7822983123542624,-0.1116557253814669,,-0.025395478345227165,0.4115670557466204,0.29081985770868113,0.3281676643736466,0.057861327317425604,0.05356171730067155
Brain - Hypothalamus_GTExTPM,0.02183361473114039,0.3230251164967223,0.8440450033143582,0.846901822103317,0.864992238347437,0.8417681101791362,0.8514081032824972,0.840239489639357,0.8645694423168876,0.9859589494175393,0.9789046089894984,0.9762030671226014,0.9193771793589104,0.923843114165569,0.9725423763840767,0.9701223280069372,0.9867670908610496,1.0,0.9761284286350221,0.9755095533239567,0.9557555398246111,0.9838004809688461,0.8551189383811705,0.8175271115591015,0.7814089862239977,0.8519225838026692,0.8559615703727963,0.8701621474222727,0.8614510547412605,0.8641915533000588,0.8384185555348325,0.8668387708150849,0.8520998866863665,0.8559051890281797,0.8545304095348212,0.8433514802447634,0.8490254984742015,0.8096180306635061,0.848885558908228,0.8611887842717487,0.8390288561916439,0.8672356126169716,0.8599736288763684,0.8542356382709443,0.922595488013201,0.8699980042857217,0.8471191785283764,0.8473168121496626,0.8484398273406001,0.8417952450742874,0.8687763192118199,0.79689899296425,0.8641358005840524,0.8562415248096965,0.8481208959161589,0.7915130356161926,-0.10449868217358363,,-0.004096660357707279,0.399032768084379,0.29027438236013464,0.31647988908808716,0.057090126613222394,0.055941781887384245
Brain - Nucleus accumbens (basal ganglia)_GTExTPM,0.022499858989699806,0.32171514869344053,0.817580837263409,0.8200899176423901,0.8392089059302941,0.8160022238954049,0.8252716867338571,0.8164918934646486,0.8421164644407324,0.9790086053922281,0.9790127341039888,0.9934021166650655,0.9095158074068436,0.9152059308260894,0.974150310228721,0.9715399473735579,0.9746012837631329,0.9761284286350221,1.0,0.9884247107090621,0.9228822560060176,0.9583904130655732,0.8285451084751626,0.7937456269076886,0.7585564380202234,0.8277214916109229,0.8320719964390376,0.8512143829228491,0.8395897281359463,0.8440093203004486,0.8143963383956262,0.8464821992399423,0.830404183780583,0.8327692487062804,0.8335159515475096,0.8166847912477745,0.8204754903008131,0.7850595340387769,0.8227000642786706,0.83295732045779,0.8195819129976785,0.8416442732393695,0.8407866584923611,0.8312589802200754,0.9018541687038248,0.8484932551355211,0.8242227303509245,0.8235682895870182,0.8233536374599104,0.8172389382815264,0.8459778019391418,0.780855979407574,0.8431862240462451,0.8351369556860951,0.8241033668846823,0.7686585064093588,-0.10984188765454805,,-0.024358141548495586,0.40788953643600506,0.28299869279024953,0.33682292163833083,0.07564415183124236,0.06011598528699557
Brain - Putamen (basal ganglia)_GTExTPM,0.027542189371737604,0.31664527016939653,0.8390231927756121,0.8414486991233519,0.8494631544492326,0.8315746640027836,0.8430823442887536,0.8326523251866977,0.855835298183364,0.9827381788025972,0.9730807681261213,0.9973529181049803,0.9001774601589726,0.9077457269361885,0.9687356941549208,0.9631071219241462,0.9817561888555211,0.9755095533239567,0.9884247107090621,1.0,0.941655110559936,0.9731410587435401,0.848286896475277,0.8024868216003689,0.7571875545016422,0.8406956845910599,0.8445939160162064,0.8634748923953008,0.8532333698570034,0.8587584877391778,0.8259130776630716,0.8609926330991563,0.8431457939758474,0.8489917406272594,0.8481450885529802,0.8299686102686298,0.8336008388325743,0.7955326431609561,0.841436250285503,0.8476675034976319,0.8315990250016457,0.8595050824581169,0.8486823105748658,0.8369958436664806,0.8983374309282142,0.8617850752715264,0.8375031751234586,0.838287935672651,0.8364334492350525,0.8316352666709349,0.8586022514433876,0.780930487304205,0.8544215417551612,0.847898936189423,0.8375932027845019,0.7755091687884739,-0.11623601099962304,,-0.018546142269536294,0.41000838280432994,0.28703434913280507,0.32817206862778037,0.05810712379802633,0.06791714778340083
Brain - Spinal cord (cervical c-1)_GTExTPM,0.012178627429316457,0.32062667943100415,0.8692889980427215,0.8717302806362658,0.8771282053300056,0.8554820732695388,0.8653577869621483,0.8534785364366793,0.8776282428201285,0.9508433383965584,0.9234928037138397,0.934775815595274,0.8797876472474523,0.8833683689238059,0.9166069741057851,0.9106398429315694,0.9585283845452254,0.9557555398246111,0.9228822560060176,0.941655110559936,1.0,0.9786423679554047,0.8766725093284536,0.8378204560166718,0.8053824383143009,0.8623365482657689,0.8639650768781738,0.8813468759713974,0.8770107496069167,0.8782314708632263,0.8552960890472585,0.8799743791816442,0.8644452162783016,0.856298115130998,0.8543554240622684,0.8544959187879692,0.8619361167183386,0.822460703290936,0.8663256393350136,0.8714142483030122,0.8490524773609092,0.8887617902974112,0.8660645286564703,0.8561151924410055,0.889443083993025,0.873798518848229,0.8631861711634442,0.8632989844498805,0.8702162161981912,0.8637064648689156,0.8789658609882124,0.791328607106482,0.8715894404594443,0.8647873658351378,0.8606168768142617,0.8114658682240533,-0.08418942352396405,,0.01406598894524783,0.374904486813768,0.2742968793885786,0.2824738183496812,0.02660832380413437,0.050262669325892406
Brain - Substantia nigra_GTExTPM,0.016970812947756528,0.31930328590498147,0.8671538356767989,0.8685915767210657,0.8751151661967113,0.8591339358355133,0.8718933075585013,0.8589923487002467,0.8793514533496718,0.9804487715945768,0.9593891397281025,0.9678926959324137,0.8945156807010683,0.9008104499249261,0.9512076538903655,0.9452218977421004,0.9822895731378019,0.9838004809688461,0.9583904130655732,0.9731410587435401,0.9786423679554047,1.0,0.8751374332007019,0.8285879115779894,0.784797189353878,0.8648756690683433,0.8675047746246465,0.8824464561502826,0.8753382457091384,0.8806842149131627,0.8512207304745232,0.883465645640719,0.8644704059028903,0.8686307001986804,0.8678822552270321,0.8532425099199502,0.8601945256387871,0.8196927482737281,0.8675952361201933,0.8749179164394706,0.8506749814911336,0.8879579056027096,0.8685185119169175,0.85932993095077,0.9063437547736934,0.8806315786809155,0.8594043368945141,0.8613939110000111,0.8630124266216552,0.8566244664727855,0.8816749715713421,0.7923658872865307,0.8783122976738761,0.8691361657688224,0.8612035975595024,0.7969388695457215,-0.10144389674120854,,0.005994080463141582,0.3903821574601601,0.2870061135063786,0.3013698057339415,0.04835124493894337,0.05558614966611817
Breast - Mammary Tissue_GTExTPM,-0.00026718433614911105,0.2956029095992124,0.9888517126621059,0.9863972615570991,0.9149332755738845,0.9453838523453093,0.9621119205229137,0.9476043098005649,0.9657442205047297,0.8478447036099445,0.8252484152831695,0.8432635590269488,0.7803452264095391,0.7918093266857928,0.8233162339394922,0.8071720473295011,0.8513444868672874,0.8551189383811705,0.8285451084751626,0.848286896475277,0.8766725093284536,0.8751374332007019,1.0,0.9002296235195925,0.788228106498412,0.9593248367501124,0.962496706663396,0.9503325482898213,0.9537032592478504,0.961713493876602,0.9228891132575893,0.958029086440068,0.9674994996460875,0.9184092339503483,0.9061016602406791,0.917673555687698,0.9266457282427232,0.8671057574570699,0.9624241092738954,0.9497609387739896,0.8837744167960853,0.964750636577491,0.9430539959713369,0.9074103184998874,0.8912948792298001,0.9541569638676118,0.9420346026520646,0.9482721463176964,0.9453310209366743,0.9082199839040977,0.9479351284448816,0.7933502636481012,0.9499892645947391,0.962599799619989,0.9598386624899705,0.8228123448974916,-0.09625549526443228,,0.010439457220354892,0.3756181802373726,0.2897549945732769,0.2755829884296865,0.08345134011253567,0.07752501711363144
Cells - Cultured fibroblasts_GTExTPM,0.0007907073912928095,0.2830709335990491,0.8994186717270832,0.8977621840466453,0.8831035254218732,0.8873519163148276,0.8899600759487174,0.8844467943458562,0.9077210780593304,0.8099395789046182,0.7939565410261955,0.8017340830777013,0.7690635179888363,0.7737256702849928,0.7894062134690263,0.781951593874603,0.81137029158353,0.8175271115591015,0.7937456269076886,0.8024868216003689,0.8378204560166718,0.8285879115779894,0.9002296235195925,1.0,0.8272827722258255,0.8988005708082137,0.8946275025207634,0.891776651272001,0.8967016014875855,0.8935952346280025,0.8893494504578668,0.8940061802763817,0.8872037585641478,0.8484548968559866,0.8410919290827741,0.849100941521837,0.8559783084928494,0.8294787090308405,0.883297022987949,0.8898724641344645,0.8433798785026937,0.8920792343659026,0.8977922008284281,0.8618950089174694,0.8443192578898228,0.8795650947134644,0.8894208738937303,0.8906907018694341,0.8885264737410625,0.8572890165438418,0.8893817156145657,0.7862159139561339,0.8759696967327709,0.8969143725321844,0.8981406969089301,0.8081774166350668,-0.08707455445106058,,0.05969617414723852,0.37525716084427124,0.3039602442542544,0.2821130116346085,0.05950824688663083,0.04787561378523135
Cells - EBV-transformed lymphocytes_GTExTPM,0.01413928407231595,0.24068018702970395,0.7811763085528272,0.7808715763715142,0.8113346005615926,0.7473659061496505,0.758978442089515,0.7451749683825475,0.7930636641411299,0.7646281926702695,0.7501285742003386,0.7560088056074187,0.7584249141010032,0.7559621086150072,0.7514448979999883,0.7470903909666853,0.7686023221054599,0.7814089862239977,0.7585564380202234,0.7571875545016422,0.8053824383143009,0.784797189353878,0.788228106498412,0.8272827722258255,1.0,0.7699651208459404,0.7719323233927023,0.7750037351355885,0.8088116153425837,0.7701541624253055,0.8235489447385254,0.7738398995239634,0.7721025660390468,0.7386938994371048,0.7437813297586024,0.7769228919091766,0.7886352360610553,0.792968861908964,0.7954439509810965,0.8156725175095882,0.782343516098044,0.7737372278079724,0.7901518287977201,0.8146219844245581,0.8002662251849377,0.7834021117107373,0.8148757945491705,0.8081296487609069,0.8413025857261321,0.861113948889346,0.81889622538333,0.7596492091914876,0.7930374124958772,0.7713082591869999,0.786398568163155,0.887348876876182,-0.02365799649779444,,-0.01650667780231389,0.31098317857230057,0.23987996843792306,0.24219849870420165,0.0014390683850959078,-0.007767762889118061
Cervix - Ectocervix_GTExTPM,0.009811310311300264,0.30156134677804725,0.9532018080151494,0.9498470218868583,0.9059968596742598,0.9481525747800967,0.9545332151272246,0.9485182907957032,0.9716829039070286,0.8444070800572138,0.8233084473412947,0.8380525698566642,0.7905476631164265,0.8026634472963547,0.821397504287397,0.804365781635858,0.8458550633078318,0.8519225838026692,0.8277214916109229,0.8406956845910599,0.8623365482657689,0.8648756690683433,0.9593248367501124,0.8988005708082137,0.7699651208459404,1.0,0.9932848198537657,0.9605852012962505,0.9460279200381753,0.9602979785666506,0.9050305691379062,0.9550690348810654,0.9776385090153107,0.902773330929892,0.8874836753251583,0.8849952037874461,0.896766473581256,0.8446459479010429,0.9359255163673155,0.9203871369944936,0.865584466203609,0.9526060567966126,0.963889227626898,0.889688231549186,0.8896155429219355,0.9556696936564166,0.9197082842938977,0.9244350487969016,0.9232921626071875,0.8888145173250168,0.9271850225985021,0.7972336858064489,0.9335188815236954,0.9841600290662208,0.9676539976937892,0.8022167000735276,-0.09324106070000779,,0.005081061385672777,0.37392766565144164,0.2743482388869929,0.2814499200383266,0.09096255320803143,0.07662319256520389
Cervix - Endocervix_GTExTPM,0.014254915716068288,0.3010668966626334,0.9540029060244161,0.9534922511553015,0.9100318211035358,0.9489176564405319,0.9562355561726182,0.9476711027125742,0.9723844233386132,0.8473218620582443,0.8267512984678927,0.8419068395746374,0.7909593359987732,0.8039889895342601,0.8254791753288319,0.8074922292975326,0.8490199761733431,0.8559615703727963,0.8320719964390376,0.8445939160162064,0.8639650768781738,0.8675047746246465,0.962496706663396,0.8946275025207634,0.7719323233927023,0.9932848198537657,1.0,0.9621227934363996,0.9498416816058081,0.961729892324924,0.9018656214254785,0.9565257772746606,0.9827009680629848,0.9052667987168976,0.8881298469009519,0.89169036134051,0.9055966238218895,0.8461772081532112,0.9414292878962291,0.9242729340345301,0.8652536146659651,0.9544113377798014,0.9663767067130589,0.8951961824638378,0.8959635479330401,0.9604358053729923,0.9159558714135309,0.9205705325462059,0.9279472057667214,0.8947935425578766,0.9315690960182772,0.8005928321894371,0.9386241773689127,0.9867616634273146,0.9633640581077046,0.8062279635254511,-0.09693975504205414,,0.0013421723625247517,0.3700548688914964,0.27040049417544004,0.2761386554976972,0.06921241393855254,0.07918299216066872
Colon - Sigmoid_GTExTPM,0.0005976282929027708,0.31829143857902514,0.9452758939994623,0.9432859963885574,0.908714097162958,0.9528240689884495,0.9560243745849656,0.955650076964214,0.9752891543606428,0.8644643527515227,0.8460374710181343,0.8611767703627008,0.805641285993618,0.8158988564286875,0.8437950134591233,0.82973094554326,0.8656069563794299,0.8701621474222727,0.8512143829228491,0.8634748923953008,0.8813468759713974,0.8824464561502826,0.9503325482898213,0.891776651272001,0.7750037351355885,0.9605852012962505,0.9621227934363996,1.0,0.9657929058841369,0.9849742660706133,0.9006204946048745,0.9831763828554505,0.9632274450676942,0.9184207812368597,0.9080202877321231,0.8837216171559374,0.8946309883148547,0.8453328875686522,0.9348494692693966,0.9167953408027185,0.8862767823481974,0.946619903059056,0.9428647784525903,0.8870391071728749,0.8858887570990106,0.9485577349547013,0.9116608637247456,0.9159573170234147,0.925769231111345,0.8880380651835167,0.9346563197943724,0.7947271375069956,0.9230151236794406,0.9689836799957996,0.9414995553456413,0.8053238517369966,-0.08272808275417022,,0.0191247543210742,0.3939374944704114,0.2802977716309025,0.30112096768745145,0.10840405649845686,0.07643472836732129
Colon - Transverse_GTExTPM,0.006229629235975526,0.2911871347827956,0.9397782245516187,0.9410598758304404,0.9203686681871683,0.9314662573502961,0.9389110622867372,0.9297305814725491,0.9679966275203702,0.8537127137038846,0.8339338679414973,0.8501672056125805,0.795188689922921,0.8063345630120574,0.8343164090386682,0.818767847665203,0.8569172266296594,0.8614510547412605,0.8395897281359463,0.8532333698570034,0.8770107496069167,0.8753382457091384,0.9537032592478504,0.8967016014875855,0.8088116153425837,0.9460279200381753,0.9498416816058081,0.9657929058841369,1.0,0.9583596344005552,0.9362321315860277,0.9567924743576249,0.9508674935878537,0.9049417991302398,0.8962113422412117,0.9162657204737612,0.9230279866897652,0.8701678257638767,0.9454317084198808,0.9466818528835831,0.8780658445244464,0.9341078963674644,0.9277543437658116,0.9181592488465616,0.8943152593242887,0.9558399011489048,0.9338023188428609,0.9364978479581413,0.9717738331829702,0.9104666414678223,0.9662748012163744,0.8005539916838224,0.9322724660017573,0.9472610416552135,0.9548862547833077,0.8315627646081016,-0.09177993177911588,,0.040250408263034124,0.38378277214173245,0.2877718644714953,0.28252083410099976,0.05720544852276117,0.08031022518152932
Esophagus - Gastroesophageal Junction_GTExTPM,-0.0028600583296397716,0.31656130163012863,0.9576503296414809,0.9554637740247514,0.9098871007538515,0.9648646657520574,0.9696734115548128,0.966680147972594,0.9748922692096156,0.8593148677459987,0.8398909253866608,0.8556487778122471,0.798101821486651,0.808842295262405,0.838523347952748,0.8233185718373806,0.8603147936775438,0.8641915533000588,0.8440093203004486,0.8587584877391778,0.8782314708632263,0.8806842149131627,0.961713493876602,0.8935952346280025,0.7701541624253055,0.9602979785666506,0.961729892324924,0.9849742660706133,0.9583596344005552,1.0,0.9077965401436785,0.9977968816054377,0.9690410433455368,0.9269431620974059,0.9174004411428407,0.8904227738566477,0.8997187058736708,0.8471242105641402,0.9431985322680613,0.922908530444495,0.8908501677994464,0.9575341570201409,0.9468845075044428,0.8900024577571938,0.8901979225007831,0.9494781966297259,0.9155093216909602,0.9210481707521095,0.9281447210413493,0.8890751367759009,0.9400749288968285,0.7933704955568621,0.9313238150127411,0.9699276710211783,0.9437972753217642,0.8051135875494579,-0.08315293560163395,,0.030009424206079494,0.3852747754681528,0.2823848193474998,0.2932102539555536,0.10598674072908904,0.08393727199324039
Esophagus - Mucosa_GTExTPM,0.012645203968586576,0.261335193316527,0.901941147241236,0.9034166246497483,0.896364406210761,0.8854161431282939,0.8924356103245565,0.8833721078880381,0.925376604858646,0.830154788482151,0.8093629678559888,0.8228506385832947,0.7812922641630918,0.7912361044647926,0.8102711471874582,0.7949812664889341,0.8326502076417344,0.8384185555348325,0.8143963383956262,0.8259130776630716,0.8552960890472585,0.8512207304745232,0.9228891132575893,0.8893494504578668,0.8235489447385254,0.9050305691379062,0.9018656214254785,0.9006204946048745,0.9362321315860277,0.9077965401436785,1.0,0.9091791002629478,0.9088640913185805,0.8682347268063636,0.8677545557409274,0.8887727256558139,0.9017545432688363,0.8646019557089506,0.9167460870126958,0.9479380037714549,0.8577436932707377,0.8970219889470962,0.8936381150151673,0.903734251728439,0.8759158197599857,0.9275899037125699,0.9658421538492812,0.9635459614981381,0.9316956337700242,0.89092048997732,0.943605410886844,0.7977875753004119,0.9105017017194181,0.9018798122476305,0.9652111983911226,0.8371694236722602,-0.0722716484708697,,0.07457192342726687,0.35985547157872083,0.3005072603507184,0.27158905021198165,0.06722932641345858,0.04224019767268549
Esophagus - Muscularis_GTExTPM,-0.0039035877161304492,0.3157136457988105,0.9539558080404921,0.9515371500681562,0.910729167730432,0.9613659810846545,0.9661751064312057,0.9637804388673049,0.9721713966002633,0.8619079271399418,0.8425614961142951,0.8577275088135479,0.8005389976786459,0.8108371725889391,0.8411083871350832,0.8265506318893018,0.8631052804874605,0.8668387708150849,0.8464821992399423,0.8609926330991563,0.8799743791816442,0.883465645640719,0.958029086440068,0.8940061802763817,0.7738398995239634,0.9550690348810654,0.9565257772746606,0.9831763828554505,0.9567924743576249,0.9977968816054377,0.9091791002629478,1.0,0.9643796420324333,0.9245331228474367,0.9171805495844693,0.8892786540055581,0.8983746741496347,0.8470327076069943,0.9410695817890693,0.9229709026745828,0.8921512929868891,0.9535300242736403,0.9420632255075475,0.8893120123609456,0.8895472140825265,0.9477425938963094,0.914744913860567,0.9201648393443596,0.9264766283068367,0.8890480429848695,0.9388372619609076,0.7946087433906043,0.9284994851065843,0.9661656264770084,0.9408773465012374,0.8073317028873463,-0.08681399668012252,,0.03403912081253504,0.38769172339915065,0.2822319684436848,0.2966502119116056,0.10802795362062027,0.08327877995777026
Fallopian Tube_GTExTPM,0.012888524208955933,0.29202716078841773,0.9554200606731381,0.9589691772213115,0.912341312058012,0.95095583612788,0.957933386103098,0.9499165503259988,0.9707387324644204,0.843396285015998,0.8224962720237936,0.8406062919296766,0.7883006266288078,0.8012328451444009,0.822526958150667,0.8036665427607672,0.8459676283767135,0.8520998866863665,0.830404183780583,0.8431457939758474,0.8644452162783016,0.8644704059028903,0.9674994996460875,0.8872037585641478,0.7721025660390468,0.9776385090153107,0.9827009680629848,0.9632274450676942,0.9508674935878537,0.9690410433455368,0.9088640913185805,0.9643796420324333,1.0,0.9078577513076754,0.891760328378067,0.8984553601263751,0.9133988113169922,0.8473565119118592,0.9456948233640873,0.9249297097770182,0.871667132393661,0.9536604127208934,0.9635925118397678,0.8967283284983977,0.8945805022141395,0.9559813960220856,0.9188959344331012,0.9235077187636046,0.9313443085344065,0.8998369792385557,0.935146198325792,0.801617376555069,0.9383370972347642,0.9866592848971333,0.9572592721782749,0.8085739411840336,-0.08567568375133482,,0.007576492277712491,0.36795431301322434,0.2655128796095113,0.2728188496431646,0.08764373086718451,0.07552492276757625
Heart - Atrial Appendage_GTExTPM,-0.006023564702007996,0.3051364660168104,0.9111059504476975,0.9175017219906207,0.8818361690649311,0.9157516688006339,0.9315484670008891,0.9161192414628949,0.9165217490106161,0.8499551577571228,0.8335842304620534,0.8456223538704184,0.7847503298130245,0.79552300187927,0.8314711979104368,0.8183968116781973,0.8497315668221701,0.8559051890281797,0.8327692487062804,0.8489917406272594,0.856298115130998,0.8686307001986804,0.9184092339503483,0.8484548968559866,0.7386938994371048,0.902773330929892,0.9052667987168976,0.9184207812368597,0.9049417991302398,0.9269431620974059,0.8682347268063636,0.9245331228474367,0.9078577513076754,1.0,0.9783384080054449,0.8632789817495148,0.867743569246231,0.8232979270381162,0.9072844858630134,0.8995353381089167,0.8974263080088046,0.9093723354858462,0.8951493628205962,0.8639314351480286,0.8749544171932497,0.9113781140395304,0.879592672889711,0.8840328347065236,0.8820099880138997,0.8549106365056391,0.8975381093685348,0.763315044437792,0.9012031304175034,0.9104369460247086,0.899539763298485,0.7680665298732245,-0.11838340185540183,,0.052231854230983296,0.36515795926619915,0.3069128550392154,0.23836905090170166,0.08158032327077291,0.11000980898235865
Heart - Left Ventricle_GTExTPM,-0.006417983585660081,0.30382648788899513,0.9010329399088222,0.9021065444059166,0.8753448499009269,0.897749318996714,0.91416758713778,0.9026358827892047,0.9041178722614848,0.8506425687041703,0.8348727083880424,0.8445855149181308,0.7853788807333797,0.7938285398201774,0.8329868399565845,0.8210054984138356,0.8505357566007976,0.8545304095348212,0.8335159515475096,0.8481450885529802,0.8543554240622684,0.8678822552270321,0.9061016602406791,0.8410919290827741,0.7437813297586024,0.8874836753251583,0.8881298469009519,0.9080202877321231,0.8962113422412117,0.9174004411428407,0.8677545557409274,0.9171805495844693,0.891760328378067,0.9783384080054449,1.0,0.8603623549658627,0.8649673556374357,0.8301343879043036,0.889682159826812,0.8891614551925484,0.9172109137161971,0.8946789741419229,0.8776302807281361,0.865539791578878,0.8633519959699677,0.894919986784889,0.8761152092523847,0.8806173565236465,0.8750186839130978,0.8497302308281786,0.8962999576031302,0.764533560623703,0.8927017877214671,0.8984953524653609,0.8891430012106265,0.7690030455779916,-0.10974034749380715,,0.022235526617589232,0.3642784117133448,0.29506280294228915,0.24218740481878967,0.09707120301487818,0.09319350744818741
Kidney - Cortex_GTExTPM,0.002352177179871869,0.27599541056518706,0.9008701049341451,0.9060990929855822,0.9046624239772861,0.8781735083760555,0.8902420341550895,0.8697387674614201,0.9021333572667022,0.8311101205917368,0.813189228640825,0.827184913834832,0.7692814129133212,0.7795366624967842,0.813921900544042,0.7982490883207931,0.8335646811576273,0.8433514802447634,0.8166847912477745,0.8299686102686298,0.8544959187879692,0.8532425099199502,0.917673555687698,0.849100941521837,0.7769228919091766,0.8849952037874461,0.89169036134051,0.8837216171559374,0.9162657204737612,0.8904227738566477,0.8887727256558139,0.8892786540055581,0.8984553601263751,0.8632789817495148,0.8603623549658627,1.0,0.9794773289423593,0.8929467535303022,0.9094667364916535,0.9057183825064101,0.8424600777462399,0.8951530892871162,0.8799854622684378,0.907642880272604,0.8812450111852508,0.9101080229939856,0.8894064977755793,0.8911807534089382,0.9208207155434579,0.8875714474748714,0.9237568775724241,0.7847379268756979,0.9210450786892002,0.8860295940309196,0.8964164344512963,0.8116464239185636,-0.08360355313882545,,0.06061456478850742,0.3245418506868363,0.2773677660054043,0.21356438563098437,0.033768719803169235,0.07332854369802701
Kidney - Medulla_GTExTPM,0.009948728873306582,0.26872989757771,0.9084139053679188,0.9141342139341173,0.9036008438473253,0.8864578030652049,0.8971242238942267,0.8794650158983677,0.9121568655317611,0.8372889181667182,0.8180280317874873,0.830164948314611,0.7758433670709233,0.7857041095782091,0.8185629691545493,0.8024702803678994,0.8397585902689138,0.8490254984742015,0.8204754903008131,0.8336008388325743,0.8619361167183386,0.8601945256387871,0.9266457282427232,0.8559783084928494,0.7886352360610553,0.896766473581256,0.9055966238218895,0.8946309883148547,0.9230279866897652,0.8997187058736708,0.9017545432688363,0.8983746741496347,0.9133988113169922,0.867743569246231,0.8649673556374357,0.9794773289423593,1.0,0.8760628686938199,0.9174512708037091,0.9163354696518515,0.8460642343264828,0.9025294729417354,0.8896717474161082,0.9127229474391736,0.8864696457884458,0.9219292046747268,0.9009236174628343,0.9023300685883788,0.9229944554061195,0.8945178505931431,0.9335112338145727,0.7942081004271826,0.9283641683878708,0.8989808745786277,0.9077946014950696,0.8102879139298192,-0.09459046617553946,,0.04213974886385216,0.33941994468416425,0.2773122555694573,0.23269546694512666,0.041207191124883594,0.06133560897239687
Liver_GTExTPM,0.0043061692436784085,0.2640525676830488,0.8563874490661245,0.8608705556653662,0.8712419016230273,0.8281137375405311,0.8434665179618938,0.8265378552013057,0.8592710315407986,0.7985081228436565,0.7813965744351349,0.7932351519335155,0.7593016016136408,0.7666925342974079,0.7831282764118803,0.7699460379674784,0.8000759782679746,0.8096180306635061,0.7850595340387769,0.7955326431609561,0.822460703290936,0.8196927482737281,0.8671057574570699,0.8294787090308405,0.792968861908964,0.8446459479010429,0.8461772081532112,0.8453328875686522,0.8701678257638767,0.8471242105641402,0.8646019557089506,0.8470327076069943,0.8473565119118592,0.8232979270381162,0.8301343879043036,0.8929467535303022,0.8760628686938199,1.0,0.8623458412302563,0.8747559456863752,0.8341458540003874,0.8496426220492902,0.8524665156693714,0.8885534981804192,0.843781297956669,0.8642772891405702,0.8626008063635697,0.8592166602591995,0.8869316623025779,0.8635142637183242,0.8946736661138075,0.7603257964936205,0.8607838556514451,0.8401076907710936,0.8591940949573146,0.8199157199215529,-0.07953292459777048,,0.035834928420944365,0.29390679885577264,0.26465631086585106,0.18990435374152773,0.04559620555638753,0.06545250499657733
Lung_GTExTPM,-0.005956147648805554,0.29831233112964495,0.954891352132224,0.9604474123336924,0.9054734043815236,0.9315317737043701,0.9461995343257882,0.9251788939011422,0.9483224831805729,0.8406204048591374,0.8188736539785805,0.836867216186672,0.7708269748924822,0.7834281598191554,0.8192425132728042,0.8021669593204805,0.8430229519683109,0.848885558908228,0.8227000642786706,0.841436250285503,0.8663256393350136,0.8675952361201933,0.9624241092738954,0.883297022987949,0.7954439509810965,0.9359255163673155,0.9414292878962291,0.9348494692693966,0.9454317084198808,0.9431985322680613,0.9167460870126958,0.9410695817890693,0.9456948233640873,0.9072844858630134,0.889682159826812,0.9094667364916535,0.9174512708037091,0.8623458412302563,1.0,0.935825248649144,0.8579421315414485,0.9376317599081154,0.9179879801615171,0.9031866941008605,0.8816958893426625,0.9414939669729793,0.9249832423050813,0.9293934314058676,0.9446084026456131,0.9271386787187519,0.9428498602593519,0.7765500543991855,0.937947193268761,0.9388088493924628,0.9420142302028244,0.8471678870805028,-0.12433954753505166,,0.005582990564605921,0.37512157621755926,0.30720155600362564,0.2734582376283732,0.07764699425122232,0.09635657247620513
Minor Salivary Gland_GTExTPM,0.005819272173956175,0.28962297005642407,0.9244561156891193,0.9249691346500121,0.9088826279423634,0.9061679497321313,0.9171927021890361,0.9037294059415062,0.9368520504210402,0.8533200269587398,0.8314731213929674,0.843849676199214,0.8022541454263297,0.8122920753451883,0.83050383866852,0.8160803316092716,0.8557892004212653,0.8611887842717487,0.83295732045779,0.8476675034976319,0.8714142483030122,0.8749179164394706,0.9497609387739896,0.8898724641344645,0.8156725175095882,0.9203871369944936,0.9242729340345301,0.9167953408027185,0.9466818528835831,0.922908530444495,0.9479380037714549,0.9229709026745828,0.9249297097770182,0.8995353381089167,0.8891614551925484,0.9057183825064101,0.9163354696518515,0.8747559456863752,0.935825248649144,1.0,0.8721682736138225,0.9256386019998929,0.9164269535051034,0.9312369854136088,0.9029023705009325,0.9571896972304168,0.9519999070053928,0.9533800699344834,0.9416646218725443,0.9016394242971579,0.957518462669304,0.7957936188341511,0.9359943719241566,0.9167640236162261,0.9488282399155961,0.8371220573460887,-0.10155387979384774,,0.04747024234772677,0.37318367215065723,0.3034975068633735,0.28206098655092066,0.08004665931337265,0.05659433377530103
Muscle - Skeletal_GTExTPM,0.0033330117312300135,0.3025133453196708,0.8824928278784643,0.8747469974831996,0.8629263517437096,0.8672016702995132,0.8770465922015548,0.878709202171117,0.8836915810391643,0.8327013951842465,0.8203415897660872,0.8295643976296216,0.796649895234285,0.8018287435744307,0.8209718055574131,0.8116340761461456,0.835195221500719,0.8390288561916439,0.8195819129976785,0.8315990250016457,0.8490524773609092,0.8506749814911336,0.8837744167960853,0.8433798785026937,0.782343516098044,0.865584466203609,0.8652536146659651,0.8862767823481974,0.8780658445244464,0.8908501677994464,0.8577436932707377,0.8921512929868891,0.871667132393661,0.8974263080088046,0.9172109137161971,0.8424600777462399,0.8460642343264828,0.8341458540003874,0.8579421315414485,0.8721682736138225,1.0,0.8771997272943027,0.8685553408424715,0.8559179663338773,0.8410262979710904,0.8688996785920011,0.869862684136076,0.8727797046835164,0.8633397061690671,0.835668235948807,0.8815026059294399,0.7672502117641162,0.867321391766637,0.8763032686807699,0.8647358883875191,0.8017033458285752,-0.046354679007526746,,0.03445078177683449,0.3709569979452933,0.2648664066296328,0.2637239244238317,0.15186749280618322,0.05973349685719578
Nerve - Tibial_GTExTPM,0.0012497704739109195,0.3150226534187262,0.9625142102074234,0.9563277904751224,0.9037414001131224,0.9438317744352277,0.9566317568627053,0.9461752829551691,0.9532657202992395,0.8629090553972802,0.8386101256671311,0.855508923854184,0.7907220048931882,0.8036059364091187,0.836756479459699,0.8192415002418384,0.865248937344342,0.8672356126169716,0.8416442732393695,0.8595050824581169,0.8887617902974112,0.8879579056027096,0.964750636577491,0.8920792343659026,0.7737372278079724,0.9526060567966126,0.9544113377798014,0.946619903059056,0.9341078963674644,0.9575341570201409,0.8970219889470962,0.9535300242736403,0.9536604127208934,0.9093723354858462,0.8946789741419229,0.8951530892871162,0.9025294729417354,0.8496426220492902,0.9376317599081154,0.9256386019998929,0.8771997272943027,1.0,0.9455595554933496,0.8865572731464201,0.885696950675391,0.9379717716604286,0.9210511121992581,0.9266662968726462,0.9240339269944006,0.8900924974750941,0.9273186847825041,0.7920619216377375,0.9387866404829612,0.9514641607785764,0.9391533038095983,0.8034222567103431,-0.0921228011183258,,0.031545946209265305,0.37266865241771885,0.28945543627779446,0.2792341485492633,0.10986798761392724,0.07346682286712843
Ovary_GTExTPM,0.017957639452385373,0.29637631113481905,0.9327424332533893,0.9340273859448694,0.9173179769665828,0.9290647590501998,0.9360303267578647,0.9281680252356901,0.9523241967817606,0.8509416908393932,0.8318030376832034,0.8478023963605921,0.811839188213287,0.8233690524639095,0.8317254249773625,0.8147374535377199,0.8523022479958842,0.8599736288763684,0.8407866584923611,0.8486823105748658,0.8660645286564703,0.8685185119169175,0.9430539959713369,0.8977922008284281,0.7901518287977201,0.963889227626898,0.9663767067130589,0.9428647784525903,0.9277543437658116,0.9468845075044428,0.8936381150151673,0.9420632255075475,0.9635925118397678,0.8951493628205962,0.8776302807281361,0.8799854622684378,0.8896717474161082,0.8524665156693714,0.9179879801615171,0.9164269535051034,0.8685553408424715,0.9455595554933496,1.0,0.8991525376250429,0.9025243338834792,0.9376777191437565,0.9096112819985381,0.9116026599478881,0.9142638228386,0.8864514720410755,0.92386890556504,0.8195754890937466,0.9293687489727092,0.9660609506015428,0.9379772814174568,0.8083697114193812,-0.08361477046675758,,0.04940546619231184,0.36160463647547914,0.25669393468829554,0.28149241906283257,0.10017289304680119,0.05436836953667832
Pancreas_GTExTPM,0.0013464545144566019,0.27756641104325536,0.8851438900386304,0.8898943679318833,0.906890138378831,0.8678518588428208,0.8793129304435291,0.8657736171304793,0.8998532965406866,0.8413723309044988,0.8265742344403187,0.8350309668826448,0.8108953690460144,0.818936969540534,0.8286273121725422,0.8156098902104529,0.8439380443026925,0.8542356382709443,0.8312589802200754,0.8369958436664806,0.8561151924410055,0.85932993095077,0.9074103184998874,0.8618950089174694,0.8146219844245581,0.889688231549186,0.8951961824638378,0.8870391071728749,0.9181592488465616,0.8900024577571938,0.903734251728439,0.8893120123609456,0.8967283284983977,0.8639314351480286,0.865539791578878,0.907642880272604,0.9127229474391736,0.8885534981804192,0.9031866941008605,0.9312369854136088,0.8559179663338773,0.8865572731464201,0.8991525376250429,1.0,0.9006740978257628,0.9135594300522948,0.904437989925989,0.9035294744482845,0.9169921731375859,0.8812907478422133,0.9491396452857612,0.8031100223420925,0.9158170815135831,0.8880449702216938,0.9015302509179365,0.8207001120291897,-0.08719807416038937,,0.04554519212850655,0.3387834493999097,0.2779497084926514,0.2337286219150272,0.03648045954256062,0.06004121602526491
Pituitary_GTExTPM,0.021212299612879813,0.27200525408337667,0.8689097394781595,0.8756206526992805,0.8991234468926991,0.8670508282411333,0.8762672214151396,0.8609298876950423,0.8980549425022918,0.9045866398530104,0.8983655094712321,0.9000590425210726,0.8754151416364214,0.8840845703893145,0.9014505020658029,0.8871871848819827,0.9085097496657419,0.922595488013201,0.9018541687038248,0.8983374309282142,0.889443083993025,0.9063437547736934,0.8912948792298001,0.8443192578898228,0.8002662251849377,0.8896155429219355,0.8959635479330401,0.8858887570990106,0.8943152593242887,0.8901979225007831,0.8759158197599857,0.8895472140825265,0.8945805022141395,0.8749544171932497,0.8633519959699677,0.8812450111852508,0.8864696457884458,0.843781297956669,0.8816958893426625,0.9029023705009325,0.8410262979710904,0.885696950675391,0.9025243338834792,0.9006740978257628,1.0,0.9137697985043228,0.8848557815146015,0.8831170478683487,0.8893207132882063,0.8717743670371761,0.9072898632925589,0.8271092879508279,0.9080150413359491,0.8901125716131414,0.8912138085030685,0.8185299490317742,-0.07119861437141455,,0.036488228960333186,0.3577569686727798,0.25155232369121056,0.2639889575814055,0.08088945632529837,0.055057938163852294
Prostate_GTExTPM,0.015588259927192939,0.27449589887162695,0.9311051924028828,0.9340052897962395,0.9163639757505627,0.9287222328248461,0.9351438562340867,0.9251913983098482,0.9644678984274968,0.8632804336720743,0.8432281491237872,0.8586859551644617,0.8061041560680702,0.8193315682317345,0.8432012925676009,0.8247105219818539,0.8632735123045027,0.8699980042857217,0.8484932551355211,0.8617850752715264,0.873798518848229,0.8806315786809155,0.9541569638676118,0.8795650947134644,0.7834021117107373,0.9556696936564166,0.9604358053729923,0.9485577349547013,0.9558399011489048,0.9494781966297259,0.9275899037125699,0.9477425938963094,0.9559813960220856,0.9113781140395304,0.894919986784889,0.9101080229939856,0.9219292046747268,0.8642772891405702,0.9414939669729793,0.9571896972304168,0.8688996785920011,0.9379717716604286,0.9376777191437565,0.9135594300522948,0.9137697985043228,1.0,0.9312837509402414,0.9340707042309169,0.9358049497301367,0.905292988984041,0.950269282474661,0.8043206663350464,0.9392933354500015,0.9513346993004653,0.9606495063336967,0.8186317130886814,-0.091284910337743,,0.04364262312077487,0.3628853462989735,0.28856347173333635,0.26672633454828726,0.049804749320362815,0.06991194511073896
Skin - Not Sun Exposed (Suprapubic)_GTExTPM,0.009062163713504994,0.27588357804557845,0.9237854473905577,0.9180839140203191,0.8981177452291229,0.8949125782816328,0.9030044629984825,0.8969414437317726,0.9294176979388291,0.8414398468860033,0.8207539730746853,0.8337800845575175,0.7936112578065836,0.8040307868401966,0.8222695036527182,0.8062283268302067,0.8441208887677132,0.8471191785283764,0.8242227303509245,0.8375031751234586,0.8631861711634442,0.8594043368945141,0.9420346026520646,0.8894208738937303,0.8148757945491705,0.9197082842938977,0.9159558714135309,0.9116608637247456,0.9338023188428609,0.9155093216909602,0.9658421538492812,0.914744913860567,0.9188959344331012,0.879592672889711,0.8761152092523847,0.8894064977755793,0.9009236174628343,0.8626008063635697,0.9249832423050813,0.9519999070053928,0.869862684136076,0.9210511121992581,0.9096112819985381,0.904437989925989,0.8848557815146015,0.9312837509402414,1.0,0.9976021365474168,0.9304460746735886,0.8942438326067635,0.9396965506828421,0.7986441314670997,0.9204364145905763,0.9154183161230939,0.9634029500730781,0.8390787556786348,-0.08433607490637236,,0.03976621532663201,0.38405954575993395,0.3071893649337026,0.2953753673492883,0.11137298982198497,0.058857255799269516
Skin - Sun Exposed (Lower leg)_GTExTPM,0.009203406511722427,0.2799373378066298,0.9325036758649833,0.9242008318207084,0.897668771483011,0.9014586682547425,0.9103948252547704,0.9052457661405136,0.933943721746859,0.8422834921687619,0.8213002697017179,0.8342436077278219,0.7907196168721409,0.8019783738752708,0.8227582490206765,0.8062548484807078,0.8449578776926375,0.8473168121496626,0.8235682895870182,0.838287935672651,0.8632989844498805,0.8613939110000111,0.9482721463176964,0.8906907018694341,0.8081296487609069,0.9244350487969016,0.9205705325462059,0.9159573170234147,0.9364978479581413,0.9210481707521095,0.9635459614981381,0.9201648393443596,0.9235077187636046,0.8840328347065236,0.8806173565236465,0.8911807534089382,0.9023300685883788,0.8592166602591995,0.9293934314058676,0.9533800699344834,0.8727797046835164,0.9266662968726462,0.9116026599478881,0.9035294744482845,0.8831170478683487,0.9340707042309169,0.9976021365474168,1.0,0.9312487006580499,0.8943699518328437,0.9408666203108189,0.7985767046102695,0.9236615028259603,0.9211241224836675,0.9653288731576972,0.8347658298394375,-0.08800763978309445,,0.03895762723925262,0.3890673391257842,0.3111562619977327,0.30016481214907414,0.10620290490837087,0.06370946691341663
Small Intestine - Terminal Ileum_GTExTPM,0.010296355182215715,0.2806125078562092,0.9313171653751293,0.9346925508914136,0.9126628108065654,0.9025997747728131,0.9180285391770631,0.8987169830946895,0.9428438818831087,0.8378411108977597,0.8167231213378492,0.8331786220873711,0.7867930978015135,0.7974998165183953,0.8182414620035708,0.8018926174285668,0.8419502202449852,0.8484398273406001,0.8233536374599104,0.8364334492350525,0.8702162161981912,0.8630124266216552,0.9453310209366743,0.8885264737410625,0.8413025857261321,0.9232921626071875,0.9279472057667214,0.925769231111345,0.9717738331829702,0.9281447210413493,0.9316956337700242,0.9264766283068367,0.9313443085344065,0.8820099880138997,0.8750186839130978,0.9208207155434579,0.9229944554061195,0.8869316623025779,0.9446084026456131,0.9416646218725443,0.8633397061690671,0.9240339269944006,0.9142638228386,0.9169921731375859,0.8893207132882063,0.9358049497301367,0.9304460746735886,0.9312487006580499,1.0,0.9362809098820917,0.9576336208380078,0.7972028235553842,0.9256356822015568,0.9241672021897636,0.9389454486530024,0.8653181737369438,-0.10433514228396605,,0.060613349850161265,0.36375059441580987,0.30159381305715594,0.2608483825023473,0.05054328805657731,0.07253484651144185
Spleen_GTExTPM,0.02492856373272668,0.2524507446177167,0.9036904635682548,0.9062096408771119,0.9002646197200505,0.8648995181448409,0.8817636175410792,0.8582730678356528,0.9047408265178982,0.8336491582574896,0.8115316109673117,0.8267075953937131,0.7876375524895588,0.7966507045036528,0.813806668878051,0.7967085733025316,0.8358990487998433,0.8417952450742874,0.8172389382815264,0.8316352666709349,0.8637064648689156,0.8566244664727855,0.9082199839040977,0.8572890165438418,0.861113948889346,0.8888145173250168,0.8947935425578766,0.8880380651835167,0.9104666414678223,0.8890751367759009,0.89092048997732,0.8890480429848695,0.8998369792385557,0.8549106365056391,0.8497302308281786,0.8875714474748714,0.8945178505931431,0.8635142637183242,0.9271386787187519,0.9016394242971579,0.835668235948807,0.8900924974750941,0.8864514720410755,0.8812907478422133,0.8717743670371761,0.905292988984041,0.8942438326067635,0.8943699518328437,0.9362809098820917,1.0,0.9112991186319138,0.79419818975481,0.9011712828600242,0.8952244976049661,0.8960301591764953,0.912346683308922,-0.08447186636344726,,0.0041722090803411535,0.3543322763818302,0.27454914570620476,0.24729971524875768,0.0485531719701663,0.04095291392096301
Stomach_GTExTPM,0.00623825335797613,0.28322700142847484,0.9296754644993516,0.9318683439376069,0.9251062835153261,0.9145406754745231,0.9244212737895169,0.9129923147202462,0.9498383690977226,0.8620707184511012,0.8447758147970547,0.8554952007919264,0.8114637459542164,0.8223316357270004,0.8464710352879606,0.8307590940074502,0.8635657367890117,0.8687763192118199,0.8459778019391418,0.8586022514433876,0.8789658609882124,0.8816749715713421,0.9479351284448816,0.8893817156145657,0.81889622538333,0.9271850225985021,0.9315690960182772,0.9346563197943724,0.9662748012163744,0.9400749288968285,0.943605410886844,0.9388372619609076,0.935146198325792,0.8975381093685348,0.8962999576031302,0.9237568775724241,0.9335112338145727,0.8946736661138075,0.9428498602593519,0.957518462669304,0.8815026059294399,0.9273186847825041,0.92386890556504,0.9491396452857612,0.9072898632925589,0.950269282474661,0.9396965506828421,0.9408666203108189,0.9576336208380078,0.9112991186319138,1.0,0.8094775283571898,0.9431531970359153,0.928925713070526,0.945808229722848,0.8433494192775272,-0.10366416213871833,,0.0462131807509715,0.36685748743532404,0.29988507062927255,0.27059238543448705,0.06449290580534622,0.06437638995455551
Testis_GTExTPM,0.03937205011427498,0.2505138821518214,0.7808396451258173,0.7779558841756911,0.8148782307203629,0.7666081671345153,0.773469615945196,0.7675175411720587,0.8043075908208687,0.7838167925509605,0.7718975667882957,0.7819706848204855,0.762845625400087,0.7694693039053727,0.7746532063749245,0.7609655962740873,0.7866409287443369,0.79689899296425,0.780855979407574,0.780930487304205,0.791328607106482,0.7923658872865307,0.7933502636481012,0.7862159139561339,0.7596492091914876,0.7972336858064489,0.8005928321894371,0.7947271375069956,0.8005539916838224,0.7933704955568621,0.7977875753004119,0.7946087433906043,0.801617376555069,0.763315044437792,0.764533560623703,0.7847379268756979,0.7942081004271826,0.7603257964936205,0.7765500543991855,0.7957936188341511,0.7672502117641162,0.7920619216377375,0.8195754890937466,0.8031100223420925,0.8271092879508279,0.8043206663350464,0.7986441314670997,0.7985767046102695,0.7972028235553842,0.79419818975481,0.8094775283571898,1.0,0.7999986169338147,0.802051050323774,0.7949394928909274,0.7504420447817861,0.017751086696728566,,0.11634465114688994,0.2763587988645816,0.23026182835513634,0.20120367155631283,0.035636317527860756,-0.006129583291370283
Thyroid_GTExTPM,0.011623390337353474,0.29275605446108915,0.9362363156739673,0.9368862263707123,0.9114510963422351,0.9217776089655628,0.9340615256559095,0.9199921321738057,0.9367851020311195,0.8592324385509451,0.8398409440448283,0.852067783668277,0.7997315385347589,0.8117103012940388,0.8404173703849381,0.8232124639710974,0.8612097042661884,0.8641358005840524,0.8431862240462451,0.8544215417551612,0.8715894404594443,0.8783122976738761,0.9499892645947391,0.8759696967327709,0.7930374124958772,0.9335188815236954,0.9386241773689127,0.9230151236794406,0.9322724660017573,0.9313238150127411,0.9105017017194181,0.9284994851065843,0.9383370972347642,0.9012031304175034,0.8927017877214671,0.9210450786892002,0.9283641683878708,0.8607838556514451,0.937947193268761,0.9359943719241566,0.867321391766637,0.9387866404829612,0.9293687489727092,0.9158170815135831,0.9080150413359491,0.9392933354500015,0.9204364145905763,0.9236615028259603,0.9256356822015568,0.9011712828600242,0.9431531970359153,0.7999986169338147,1.0,0.9324340368528434,0.9338326468947863,0.8187366506600647,-0.08344459172134829,,0.02240669866158439,0.35431209221560495,0.277875103028491,0.24944685639232522,0.0833789529827583,0.06049541437142164
Uterus_GTExTPM,0.01407098886429805,0.30314270192896,0.9573380039267672,0.9548370992527135,0.9090973362803533,0.951714043491037,0.9587141076996559,0.9536489505362036,0.9724296889749102,0.8481274471279266,0.8284205048996117,0.8450241385590564,0.7948699538268591,0.8075431206375401,0.8270226819135424,0.8096632345672026,0.8501386906178385,0.8562415248096965,0.8351369556860951,0.847898936189423,0.8647873658351378,0.8691361657688224,0.962599799619989,0.8969143725321844,0.7713082591869999,0.9841600290662208,0.9867616634273146,0.9689836799957996,0.9472610416552135,0.9699276710211783,0.9018798122476305,0.9661656264770084,0.9866592848971333,0.9104369460247086,0.8984953524653609,0.8860295940309196,0.8989808745786277,0.8401076907710936,0.9388088493924628,0.9167640236162261,0.8763032686807699,0.9514641607785764,0.9660609506015428,0.8880449702216938,0.8901125716131414,0.9513346993004653,0.9154183161230939,0.9211241224836675,0.9241672021897636,0.8952244976049661,0.928925713070526,0.802051050323774,0.9324340368528434,1.0,0.957800372518123,0.8017207983061085,-0.09250784741632936,,0.00562341473387593,0.38171658989097906,0.279036388895119,0.29051094849240633,0.10536864034298792,0.07158326784225003
Vagina_GTExTPM,0.008406244394102131,0.28566911177208126,0.9434927723462287,0.9424047303512756,0.9081649490191742,0.9268042994186242,0.9353213935933962,0.9271212230219141,0.9646592643257088,0.8405941367358939,0.8187595558385548,0.8349366217828237,0.7835141999176987,0.796204715968347,0.8175915279143761,0.8006993075688121,0.842439891171836,0.8481208959161589,0.8241033668846823,0.8375932027845019,0.8606168768142617,0.8612035975595024,0.9598386624899705,0.8981406969089301,0.786398568163155,0.9676539976937892,0.9633640581077046,0.9414995553456413,0.9548862547833077,0.9437972753217642,0.9652111983911226,0.9408773465012374,0.9572592721782749,0.899539763298485,0.8891430012106265,0.8964164344512963,0.9077946014950696,0.8591940949573146,0.9420142302028244,0.9488282399155961,0.8647358883875191,0.9391533038095983,0.9379772814174568,0.9015302509179365,0.8912138085030685,0.9606495063336967,0.9634029500730781,0.9653288731576972,0.9389454486530024,0.8960301591764953,0.945808229722848,0.7949394928909274,0.9338326468947863,0.957800372518123,1.0,0.8202929869311832,-0.08516999520699524,,0.032789884447042394,0.3732790792206535,0.29898237881693446,0.27974483859692956,0.07911438005861411,0.06254056439393518
Whole Blood_GTExTPM,0.014323017598194411,0.2340048232666548,0.8215219479925839,0.8196833244501639,0.8327729602745302,0.7839543318249431,0.796019786544609,0.7779001587565093,0.82294717823447,0.7781774319319273,0.7605962723477145,0.7718874775727705,0.758896810342956,0.7614340877977352,0.7645065342064821,0.7533937747878919,0.7822983123542624,0.7915130356161926,0.7686585064093588,0.7755091687884739,0.8114658682240533,0.7969388695457215,0.8228123448974916,0.8081774166350668,0.887348876876182,0.8022167000735276,0.8062279635254511,0.8053238517369966,0.8315627646081016,0.8051135875494579,0.8371694236722602,0.8073317028873463,0.8085739411840336,0.7680665298732245,0.7690030455779916,0.8116464239185636,0.8102879139298192,0.8199157199215529,0.8471678870805028,0.8371220573460887,0.8017033458285752,0.8034222567103431,0.8083697114193812,0.8207001120291897,0.8185299490317742,0.8186317130886814,0.8390787556786348,0.8347658298394375,0.8653181737369438,0.912346683308922,0.8433494192775272,0.7504420447817861,0.8187366506600647,0.8017207983061085,0.8202929869311832,1.0,-0.049207233015556066,,0.048634295648893856,0.3298529220401736,0.23322279448350816,0.24116226559423848,0.06113954655996791,0.021157751423087283
opentargets_association_score,-0.031130921323665864,-0.024262453152568024,-0.09460905328095072,-0.10853979023744374,-0.06998711700039455,-0.10079931035467102,-0.10697530563199054,-0.0899785476854668,-0.08160348743901157,-0.10547558765625216,-0.10483465757948879,-0.11104146061543975,-0.09947781388627851,-0.1008731212333765,-0.10548169178713533,-0.10765624397193636,-0.1116557253814669,-0.10449868217358363,-0.10984188765454805,-0.11623601099962304,-0.08418942352396405,-0.10144389674120854,-0.09625549526443228,-0.08707455445106058,-0.02365799649779444,-0.09324106070000779,-0.09693975504205414,-0.08272808275417022,-0.09177993177911588,-0.08315293560163395,-0.0722716484708697,-0.08681399668012252,-0.08567568375133482,-0.11838340185540183,-0.10974034749380715,-0.08360355313882545,-0.09459046617553946,-0.07953292459777048,-0.12433954753505166,-0.10155387979384774,-0.046354679007526746,-0.0921228011183258,-0.08361477046675758,-0.08719807416038937,-0.07119861437141455,-0.091284910337743,-0.08433607490637236,-0.08800763978309445,-0.10433514228396605,-0.08447186636344726,-0.10366416213871833,0.017751086696728566,-0.08344459172134829,-0.09250784741632936,-0.08516999520699524,-0.049207233015556066,1.0,,0.18231475800665295,-0.25227074900145824,-0.3420665504001151,-0.11705620138363425,0.0144646549998021,-0.25186756634221513
pharmgkb_drugged_gene,,,,,,,,,,,,,,,,,,,,,,,,,,,,,,,,,,,,,,,,,,,,,,,,,,,,,,,,,,,,,,,,
DGIdb_interaction_group_score,0.08012248245623835,-0.15550799695575115,0.010035639718571123,0.01558818926972001,0.054605387768203444,0.020440835784746345,0.024696380710692918,0.030564722354447123,0.041207800358803316,-0.012933019300567176,-0.02497826809336004,-0.01744425123010762,-0.038368072059757403,-0.038661691940199555,-0.031617775935634466,-0.03973572763937167,-0.025395478345227165,-0.004096660357707279,-0.024358141548495586,-0.018546142269536294,0.01406598894524783,0.005994080463141582,0.010439457220354892,0.05969617414723852,-0.01650667780231389,0.005081061385672777,0.0013421723625247517,0.0191247543210742,0.040250408263034124,0.030009424206079494,0.07457192342726687,0.03403912081253504,0.007576492277712491,0.052231854230983296,0.022235526617589232,0.06061456478850742,0.04213974886385216,0.035834928420944365,0.005582990564605921,0.04747024234772677,0.03445078177683449,0.031545946209265305,0.04940546619231184,0.04554519212850655,0.036488228960333186,0.04364262312077487,0.03976621532663201,0.03895762723925262,0.060613349850161265,0.0041722090803411535,0.0462131807509715,0.11634465114688994,0.02240669866158439,0.00562341473387593,0.032789884447042394,0.048634295648893856,0.18231475800665295,,1.0,-0.16306509996130814,-0.21225495883557274,-0.1182093655630671,0.10734896576688871,-0.07759767407823827
HIPred,0.017755686710446725,0.3172200231363497,0.3791336192210827,0.3704482959159508,0.3273958231084239,0.37374351277838536,0.3678716414811193,0.38886953044660477,0.3810006269862044,0.413523595310491,0.41623461527048367,0.41284096296629735,0.40911476518003237,0.4086718938023394,0.4195876320504586,0.423797782268722,0.4115670557466204,0.399032768084379,0.40788953643600506,0.41000838280432994,0.374904486813768,0.3903821574601601,0.3756181802373726,0.37525716084427124,0.31098317857230057,0.37392766565144164,0.3700548688914964,0.3939374944704114,0.38378277214173245,0.3852747754681528,0.35985547157872083,0.38769172339915065,0.36795431301322434,0.36515795926619915,0.3642784117133448,0.3245418506868363,0.33941994468416425,0.29390679885577264,0.37512157621755926,0.37318367215065723,0.3709569979452933,0.37266865241771885,0.36160463647547914,0.3387834493999097,0.3577569686727798,0.3628853462989735,0.38405954575993395,0.3890673391257842,0.36375059441580987,0.3543322763818302,0.36685748743532404,0.2763587988645816,0.35431209221560495,0.38171658989097906,0.3732790792206535,0.3298529220401736,-0.25227074900145824,,-0.16306509996130814,1.0,0.3488920142014648,0.659775524527634,0.15458738614230724,0.11057121026209266
SDI,-2.4067294988357463e-05,0.15807017162778986,0.28533083515925234,0.28058273886239227,0.24626020230853893,0.2897318825738814,0.2945972807851113,0.28900902122767586,0.28452098594155284,0.2949617613762084,0.2886056700079514,0.2901104038876821,0.2455619493851132,0.24943374594267945,0.2905371363865995,0.2855075738175281,0.29081985770868113,0.29027438236013464,0.28299869279024953,0.28703434913280507,0.2742968793885786,0.2870061135063786,0.2897549945732769,0.3039602442542544,0.23987996843792306,0.2743482388869929,0.27040049417544004,0.2802977716309025,0.2877718644714953,0.2823848193474998,0.3005072603507184,0.2822319684436848,0.2655128796095113,0.3069128550392154,0.29506280294228915,0.2773677660054043,0.2773122555694573,0.26465631086585106,0.30720155600362564,0.3034975068633735,0.2648664066296328,0.28945543627779446,0.25669393468829554,0.2779497084926514,0.25155232369121056,0.28856347173333635,0.3071893649337026,0.3111562619977327,0.30159381305715594,0.27454914570620476,0.29988507062927255,0.23026182835513634,0.277875103028491,0.279036388895119,0.29898237881693446,0.23322279448350816,-0.3420665504001151,,-0.21225495883557274,0.3488920142014648,1.0,0.16953106361103767,0.09849394071671953,0.10913285735480395
pLI,0.055383111419507906,0.21245773929284242,0.27380946976258874,0.2658274989122722,0.24517591523059992,0.2788971454614793,0.2677464235426533,0.2953589558666851,0.2868011988349195,0.33113171811498726,0.3353157513485932,0.33275110524090984,0.3422969157947009,0.339906391021604,0.33303946384824146,0.34233925009849503,0.3281676643736466,0.31647988908808716,0.33682292163833083,0.32817206862778037,0.2824738183496812,0.3013698057339415,0.2755829884296865,0.2821130116346085,0.24219849870420165,0.2814499200383266,0.2761386554976972,0.30112096768745145,0.28252083410099976,0.2932102539555536,0.27158905021198165,0.2966502119116056,0.2728188496431646,0.23836905090170166,0.24218740481878967,0.21356438563098437,0.23269546694512666,0.18990435374152773,0.2734582376283732,0.28206098655092066,0.2637239244238317,0.2792341485492633,0.28149241906283257,0.2337286219150272,0.2639889575814055,0.26672633454828726,0.2953753673492883,0.30016481214907414,0.2608483825023473,0.24729971524875768,0.27059238543448705,0.20120367155631283,0.24944685639232522,0.29051094849240633,0.27974483859692956,0.24116226559423848,-0.11705620138363425,,-0.1182093655630671,0.659775524527634,0.16953106361103767,1.0,0.2407615921382398,0.04407511745754549
O_GlcNAc_Score,-0.0679463020046524,-0.016073646204353587,0.09124312801599847,0.0676063918006085,-0.017015805957879014,0.10776012278337302,0.09521483046005354,0.12261504675222734,0.07919928813254995,0.05906105727992498,0.06937653152683618,0.06492674145376613,0.11284907723258861,0.11927891561615478,0.09339240527900863,0.08141486054890086,0.057861327317425604,0.057090126613222394,0.07564415183124236,0.05810712379802633,0.02660832380413437,0.04835124493894337,0.08345134011253567,0.05950824688663083,0.0014390683850959078,0.09096255320803143,0.06921241393855254,0.10840405649845686,0.05720544852276117,0.10598674072908904,0.06722932641345858,0.10802795362062027,0.08764373086718451,0.08158032327077291,0.09707120301487818,0.033768719803169235,0.041207191124883594,0.04559620555638753,0.07764699425122232,0.08004665931337265,0.15186749280618322,0.10986798761392724,0.10017289304680119,0.03648045954256062,0.08088945632529837,0.049804749320362815,0.11137298982198497,0.10620290490837087,0.05054328805657731,0.0485531719701663,0.06449290580534622,0.035636317527860756,0.0833789529827583,0.10536864034298792,0.07911438005861411,0.06113954655996791,0.0144646549998021,,0.10734896576688871,0.15458738614230724,0.09849394071671953,0.2407615921382398,1.0,-0.02405838958855783
IPA_BP,-0.008139158566096368,0.12765232024402146,0.08937769718167075,0.0893989060937024,0.04421229428592235,0.09502118397810547,0.09366822409994241,0.09301356904741426,0.061471841680069264,0.054661297153181077,0.05346410051521408,0.067769572701606,0.03483684962489117,0.04164885797795425,0.05546408891698298,0.05215691024674532,0.05356171730067155,0.055941781887384245,0.06011598528699557,0.06791714778340083,0.050262669325892406,0.05558614966611817,0.07752501711363144,0.04787561378523135,-0.007767762889118061,0.07662319256520389,0.07918299216066872,0.07643472836732129,0.08031022518152932,0.08393727199324039,0.04224019767268549,0.08327877995777026,0.07552492276757625,0.11000980898235865,0.09319350744818741,0.07332854369802701,0.06133560897239687,0.06545250499657733,0.09635657247620513,0.05659433377530103,0.05973349685719578,0.07346682286712843,0.05436836953667832,0.06004121602526491,0.055057938163852294,0.06991194511073896,0.058857255799269516,0.06370946691341663,0.07253484651144185,0.04095291392096301,0.06437638995455551,-0.006129583291370283,0.06049541437142164,0.07158326784225003,0.06254056439393518,0.021157751423087283,-0.25186756634221513,,-0.07759767407823827,0.11057121026209266,0.10913285735480395,0.04407511745754549,-0.02405838958855783,1.0
